"행정구역별",2003,2004,2005,2006,2007,2008,2009,2010,2011,2012,2013,2014,2015
"서울특별시",1.30,1.35,1.49,1.52,1.85,3.68,5.05,6.54,6.66,6.95,7.49,7.56,7.67
"종로구",2.82,4.01,4.13,3.60,4.22,12.30,10.68,9.97,10.69,10.29,10.62,9.55,10.32
"중구",2.23,1.52,1.54,1.53,1.54,3.84,3.86,3.76,3.75,3.75,6.13,7.03,7.16
"용산구",2.16,2.17,3.04,3.02,3.82,3.78,4.19,5.31,5.68,5.34,5.01,5.09,5.14
"성동구",0.29,0.29,0.59,0.60,0.60,1.27,1.62,1.94,2.33,2.00,2.34,2.36,2.36
"광진구",-,-,-,-,0.27,1.33,4.01,6.39,6.45,6.73,6.78,6.88,7.77
"동대문구",0.52,0.53,0.79,0.79,1.06,4.59,5.52,7.09,6.84,7.16,7.96,8.25,8.33
"중랑구",0.23,0.23,0.23,0.47,0.47,1.40,3.06,5.38,6.61,7.63,11.52,11.22,11.36
"성북구",1.77,2.00,1.73,1.69,1.92,4.23,5.46,5.52,5.57,6.43,7.34,7.93,8.27
"강북구",0.55,0.83,1.13,1.15,1.16,3.80,7.05,9.52,9.56,8.74,11.22,11.34,11.79
"도봉구",0.53,0.52,0.79,0.79,1.33,2.41,5.95,10.32,10.12,10.21,13.11,15.27,15.09
"노원구",1.58,1.43,1.77,1.78,1.95,2.60,4.26,5.73,6.46,6.87,8.13,8.58,7.83
"은평구",1.68,2.09,2.12,2.15,3.05,5.89,7.73,10.04,8.31,8.38,7.94,7.62,8.03
"서대문구",1.12,0.57,1.15,1.43,2.87,5.73,8.55,11.09,11.12,11.42,10.51,11.28,9.93
"마포구",1.32,2.09,1.80,1.79,2.55,3.89,5.47,6.12,6.42,6.24,5.24,4.41,4.64
"양천구",0.82,0.81,0.80,0.80,0.99,2.39,3.79,6.80,7.40,7.86,7.51,8.43,8.26
"강서구",0.93,1.11,1.08,1.08,1.43,4.16,5.41,7.49,7.20,7.05,7.56,7.52,7.47
"구로구",1.94,1.92,2.16,2.14,2.14,3.80,4.27,5.19,4.91,5.85,6.12,6.58,6.87
"금천구",0.77,0.77,1.17,1.18,1.61,6.87,8.58,10.20,10.27,13.56,10.79,10.90,11.85
"영등포구",2.48,2.46,2.69,2.69,3.43,5.39,6.16,7.37,7.55,7.66,7.76,8.11,8.98
"동작구",1.95,2.19,2.19,2.20,2.46,3.24,4.02,4.72,4.98,4.44,5.11,5.15,5.49
"관악구",1.15,1.13,1.13,1.12,1.31,3.74,5.10,6.59,7.03,8.03,8.11,8.38,8.63
"서초구",0.25,0.25,0.25,0.49,0.49,1.72,2.59,3.45,3.46,3.68,3.17,2.89,2.91
"강남구",1.32,1.13,1.48,1.44,1.78,2.51,2.49,2.98,2.65,2.84,2.84,3.46,2.95
"송파구",0.65,0.83,0.83,0.99,1.12,2.39,3.82,4.82,4.98,4.90,5.83,4.81,5.00
"강동구",1.47,1.49,1.51,1.52,1.51,2.77,4.54,6.30,6.66,7.58,9.31,7.97,8.50
"부산광역시",2.19,2.32,2.58,2.96,3.21,4.21,5.11,6.47,5.97,7.32,5.75,5.80,5.83
"중구",5.52,-,-,-,-,8.07,8.18,4.05,4.11,2.08,2.11,2.14,2.18
"서구",7.62,9.83,11.46,10.28,12.05,16.23,15.90,18.25,19.40,14.07,13.47,14.39,13.80
"동구",0.85,0.88,0.91,1.87,1.91,1.95,1.98,2.96,2.99,6.09,4.17,4.23,4.34
"영도구",2.94,3.01,3.07,3.15,3.86,3.29,3.38,4.09,4.19,5.01,5.15,5.30,5.41
"부산진구",0.73,0.74,0.73,0.49,0.75,1.00,1.52,3.28,2.28,3.82,3.08,3.87,2.88
"동래구",1.77,2.15,2.17,2.86,2.46,2.48,3.91,6.01,5.29,6.82,5.42,5.44,5.86
"남구",1.63,1.97,1.99,2.01,1.69,2.68,4.36,4.02,3.73,6.53,3.77,3.83,3.89
"북구",1.22,1.20,1.19,1.21,1.54,3.45,3.82,5.77,4.87,5.43,5.49,5.86,5.15
"해운대구",1.98,2.23,2.22,2.15,2.12,2.83,3.06,5.39,5.40,7.01,5.17,4.49,4.49
"사하구",1.60,1.87,1.88,2.45,2.47,3.01,3.06,4.18,3.38,5.39,3.15,3.20,3.55
"금정구",5.10,4.80,5.66,7.22,8.11,8.58,8.33,8.22,9.03,9.78,8.28,8.81,9.76
"강서구",8.86,9.14,11.15,11.28,11.58,13.42,14.91,20.77,16.99,16.72,15.74,12.56,10.57
"연제구",3.10,2.70,3.21,3.26,3.76,5.17,8.08,8.46,7.50,7.56,7.17,6.25,7.12
"수영구",1.13,1.11,1.68,4.50,5.05,6.77,6.77,8.98,7.36,9.06,5.71,5.60,5.01
"사상구",0.35,0.71,1.08,1.11,1.51,2.30,3.53,3.88,3.54,6.79,3.65,4.12,5.05
"기장군",1.29,2.51,3.75,6.30,6.28,8.63,17.90,20.48,18.50,20.95,15.85,14.51,14.37
"대구광역시",2.57,2.85,2.91,3.37,3.57,4.21,5.26,8.04,9.85,11.97,13.99,14.28,14.71
"중구",5.99,6.26,6.24,7.63,7.59,8.88,7.73,16.70,19.58,19.88,28.85,24.11,19.77
"동구",4.42,5.81,5.23,6.81,7.14,8.46,5.43,9.78,10.55,12.28,19.20,18.39,18.59
"서구",1.89,1.94,1.99,2.87,2.94,4.37,6.66,8.01,10.33,11.81,20.43,21.35,22.81
"남구",3.77,4.96,5.00,5.54,6.16,7.42,5.24,9.35,13.01,15.41,27.10,29.36,31.08
"북구",2.02,1.96,1.94,2.14,2.16,1.73,1.76,3.54,7.11,8.70,11.70,13.05,14.22
"수성구",3.35,3.15,3.89,3.41,3.58,4.21,3.07,3.90,4.99,5.00,7.81,8.32,8.41
"달서구",0.83,0.83,0.84,0.85,0.85,1.51,1.67,4.78,5.77,6.59,8.36,8.57,8.79
"달성군",2.54,3.21,3.16,5.05,6.23,6.43,7.95,11.18,11.64,10.31,18.44,17.31,17.64
"인천광역시",1.56,1.51,1.77,2.17,3.08,4.94,7.12,10.11,10.82,11.39,12.19,14.54,16.17
"중구",1.17,1.11,2.17,2.18,5.57,5.64,10.03,17.22,17.10,15.21,12.99,16.08,17.47
"동구",1.24,1.23,1.28,1.32,1.35,1.34,1.29,6.28,3.81,6.52,10.65,14.87,16.54
"남구",0.92,0.93,1.19,1.92,2.18,4.28,5.72,7.55,8.85,9.89,10.94,15.18,16.30
"연수구",3.88,3.91,4.14,4.43,2.98,5.21,6.26,6.45,7.64,6.49,6.66,9.01,10.66
"남동구",0.25,0.26,0.26,0.77,1.41,2.89,5.18,7.82,9.49,10.52,10.26,12.63,14.11
"부평구",1.80,1.79,1.94,2.28,3.69,5.45,7.27,10.04,10.52,11.63,14.72,15.26,16.37
"계양구",0.29,0.30,0.30,0.29,0.58,1.46,4.07,7.19,8.13,9.06,10.18,12.08,15.25
"서구",1.73,1.66,1.58,1.56,4.26,5.59,7.08,9.80,9.86,9.58,9.80,12.03,13.67
"강화군",6.15,4.61,9.18,13.74,16.55,32.65,43.25,59.61,58.40,61.42,59.94,65.56,69.46
"옹진군",14.02,13.50,12.81,12.13,11.78,11.51,32.93,48.03,46.19,44.91,33.82,38.64,38.16
"광주광역시",3.01,3.14,3.64,4.05,5.16,6.47,7.67,9.35,9.70,9.73,10.39,10.84,10.94
"동구",12.02,11.89,12.23,13.15,13.91,18.19,16.70,21.06,22.54,22.73,24.27,26.79,27.33
"서구",2.87,3.16,4.17,4.85,5.54,6.56,7.34,8.57,7.86,7.90,7.30,7.73,7.87
"남구",5.55,6.09,6.53,7.08,9.09,10.33,12.17,13.83,14.15,13.74,14.33,13.65,13.10
"북구",0.43,0.44,0.66,0.65,2.15,2.53,3.83,5.78,6.30,6.76,8.53,9.60,10.08
"광산구",1.74,1.69,2.28,2.89,3.48,5.61,7.58,8.53,9.05,8.83,9.16,9.06,8.98
"대전광역시",2.79,3.05,3.16,3.34,4.61,6.14,7.41,9.24,9.57,10.10,9.92,10.71,11.06
"동구",3.75,3.77,4.26,4.65,6.54,8.54,6.91,9.24,9.55,9.92,10.77,12.22,12.10
"중구",1.12,1.13,1.50,1.52,3.77,7.18,7.95,9.78,10.55,10.60,10.19,11.87,12.88
"서구",2.60,3.54,3.53,3.96,4.98,6.21,5.01,6.80,9.42,10.27,9.22,9.88,10.19
"유성구",4.64,3.93,3.62,3.29,3.59,3.46,2.25,4.61,4.08,4.57,3.82,4.89,5.07
"대덕구",2.62,2.64,2.69,2.76,3.75,5.21,4.80,6.75,9.74,10.70,12.72,11.91,12.70
"울산광역시",1.03,1.48,1.84,2.65,3.64,3.42,4.04,5.42,5.20,5.06,6.92,6.26,6.82
"중구",0.86,0.85,1.70,2.13,3.38,2.99,3.48,4.72,4.73,4.72,5.97,5.02,4.91
"남구",0.58,0.58,0.58,0.87,0.58,0.29,1.45,2.32,2.04,2.02,5.16,3.45,3.78
"동구",-,-,1.08,1.08,1.65,1.70,1.73,2.34,2.32,2.28,2.80,2.83,2.86
"북구",1.52,2.16,2.05,2.69,4.50,4.20,4.08,5.07,5.48,4.89,7.00,5.83,7.33
"울주군",2.88,5.16,5.16,8.47,10.91,10.43,11.26,14.43,13.19,12.99,14.38,15.39,16.41
"경기도",1.56,1.98,2.92,4.07,5.08,6.46,9.19,11.81,11.72,12.87,13.37,14.22,14.65
"수원시",1.36,1.55,1.91,2.15,3.18,4.22,4.66,6.68,6.43,6.52,6.10,6.90,7.26
"성남시",0.83,0.82,1.02,1.35,1.57,2.23,3.74,6.43,5.82,5.62,5.82,6.16,6.49
"의정부시",1.52,1.51,1.74,2.43,2.84,3.48,9.98,14.59,8.13,16.54,17.17,18.56,19.82
"안양시",1.16,1.29,2.08,2.56,2.72,2.90,2.11,3.22,3.74,3.76,5.26,5.33,6.86
"부천시",0.59,0.93,1.52,1.63,2.20,4.03,7.82,9.48,11.35,11.95,12.50,13.79,14.84
"광명시",0.89,0.60,0.61,0.96,1.60,1.93,1.59,2.91,3.10,3.66,4.53,4.59,4.64
"평택시",2.47,2.97,2.86,4.03,4.97,4.92,5.85,6.68,6.79,6.68,6.33,8.45,8.25
"동두천시",6.69,10.10,13.31,13.99,15.77,18.72,26.82,34.50,31.17,36.02,34.85,32.79,32.66
"안산시",0.31,0.30,1.47,2.00,3.55,5.65,9.22,10.91,13.56,14.40,16.39,16.81,16.91
"고양시",1.16,1.47,1.99,3.08,3.89,5.43,6.60,12.00,10.72,13.51,15.04,15.01,15.67
"과천시",4.27,4.39,4.92,4.96,4.82,4.32,4.16,4.15,4.17,4.22,4.25,4.28,4.35
"구리시",-,-,-,0.52,-,3.06,3.58,6.62,6.16,7.28,7.38,8.56,8.57
"남양주시",0.74,0.72,2.00,3.40,4.06,5.14,6.28,10.99,10.20,12.68,15.36,17.29,17.90
"오산시",2.54,3.30,3.08,4.40,4.80,5.32,5.63,6.57,5.16,5.99,4.87,5.27,5.80
"시흥시",1.09,1.06,1.55,3.84,3.84,6.11,8.04,12.38,13.21,14.27,17.14,18.24,18.33
"군포시",0.73,1.09,1.08,2.91,3.27,4.32,5.80,9.38,9.40,11.85,11.52,12.48,13.91
"의왕시",0.70,1.37,2.06,2.89,5.93,6.69,7.10,8.82,8.02,9.69,9.39,9.46,10.14
"하남시",2.34,2.31,2.26,2.23,2.92,4.18,10.77,13.29,13.48,13.67,15.16,16.12,15.60
"용인시",1.74,2.34,3.46,4.30,4.75,5.75,7.75,9.47,9.60,9.17,8.92,9.57,9.33
"파주시",2.10,2.44,4.20,7.17,8.23,12.21,13.00,17.43,16.10,17.00,14.44,17.99,19.37
"이천시",3.67,4.19,5.72,7.20,9.71,12.21,9.62,9.87,9.29,9.76,10.71,13.66,11.71
"안성시",3.96,5.19,8.91,15.66,20.77,21.82,22.82,25.29,26.00,26.43,24.15,25.29,27.75
"김포시",1.47,1.44,3.38,4.81,4.37,6.81,10.19,10.91,12.45,11.83,13.13,10.58,11.43
"화성시",2.12,2.21,4.38,8.70,9.95,10.01,11.39,13.05,14.90,15.60,13.96,14.61,12.57
"광주시",4.70,6.81,7.46,7.66,8.29,8.94,7.54,8.01,6.79,8.71,10.12,11.04,10.88
"양주시",2.70,5.24,5.60,6.48,9.45,10.56,12.08,14.23,15.47,15.98,16.07,19.79,22.42
"포천시",4.66,6.65,11.59,13.35,17.70,21.23,23.28,28.99,30.39,35.54,39.59,43.65,43.82
"여주시",-,-,-,-,-,-,-,-,-,-,29.27,30.80,32.42
"경기 여주군",4.81,8.66,14.39,20.95,22.45,24.22,24.05,24.71,24.74,26.47,-,-,-
"연천군",-,6.16,14.85,19.53,21.93,26.38,26.52,30.99,33.41,35.09,39.47,37.48,30.62
"가평군",9.08,10.94,18.23,25.52,35.91,40.27,27.80,32.26,30.32,31.25,31.14,29.41,32.25
"양평군",5.97,8.27,12.86,17.38,23.90,28.95,29.52,33.39,29.17,32.29,33.78,34.16,31.39
"강원도",3.08,3.48,6.21,7.90,9.58,11.80,15.20,17.45,19.20,20.28,23.86,25.58,26.52
"춘천시",3.95,4.72,6.67,7.02,8.52,11.07,15.10,18.15,19.79,20.49,26.96,29.37,30.94
"원주시",4.63,5.27,7.63,8.50,9.37,11.51,14.29,14.94,15.60,17.60,19.70,22.30,21.62
"강릉시",3.93,4.40,5.35,5.86,7.26,8.70,10.58,14.19,17.01,18.37,27.21,31.05,37.29
"동해시",1.97,2.98,4.03,5.13,5.17,6.27,7.35,10.50,10.44,11.71,11.56,11.63,11.72
"태백시",3.71,1.88,3.81,3.88,3.88,5.88,5.95,5.90,5.98,6.06,8.20,8.29,8.42
"속초시",2.25,2.27,5.74,5.81,8.20,10.64,14.32,15.42,19.11,17.95,19.25,20.62,20.73
"삼척시",-,-,2.73,5.57,7.06,7.05,8.34,8.33,8.30,8.28,8.22,8.30,9.88
"홍천군",4.20,4.17,11.30,19.99,22.81,27.00,40.23,45.78,50.07,50.20,50.96,49.68,51.18
"횡성군",-,-,4.58,16.29,20.84,23.03,43.06,40.67,47.34,51.55,51.18,50.69,48.06
"영월군",2.27,2.36,4.81,4.94,9.93,14.93,17.38,27.22,24.88,19.92,24.91,27.37,27.35
"평창군",-,-,4.44,4.51,6.82,16.02,16.04,16.05,20.65,27.51,32.06,29.78,27.59
"정선군",-,-,11.31,13.89,19.14,19.39,22.11,24.36,22.40,20.04,25.01,25.36,28.06
"철원군",-,-,2.04,4.16,6.33,8.38,8.39,14.31,14.56,20.85,14.75,14.71,14.34
"화천군",8.15,4.12,8.43,12.87,13.08,16.59,20.65,16.42,20.04,19.98,31.90,40.53,37.01
"양구군",-,-,4.66,9.40,9.35,14.08,14.07,22.89,22.44,17.54,29.67,29.30,24.91
"인제군",6.23,9.25,12.19,12.31,12.47,9.49,9.54,9.42,12.51,15.41,12.30,15.40,15.04
"고성군",-,3.09,3.13,6.39,6.58,9.94,13.21,13.28,23.29,23.24,23.03,19.82,19.96
"양양군",3.39,3.43,6.87,10.47,17.56,17.78,21.46,25.06,25.05,25.18,28.92,29.07,29.11
"충청북도",3.29,3.29,4.10,8.03,9.76,14.35,17.15,20.20,21.50,22.48,22.70,23.05,23.55
"충북 청주시",2.60,2.40,2.69,3.03,3.95,7.99,8.71,10.98,11.03,11.55,12.33,-,-
"충주시",1.91,2.41,3.40,8.80,9.27,14.05,17.91,20.63,21.59,22.07,23.06,22.06,23.09
"제천시",3.55,4.32,5.79,12.46,13.95,16.21,17.70,21.13,23.24,25.45,24.78,22.66,24.97
"청주시",-,-,-,-,-,-,-,-,-,-,-,14.67,14.79
"충북 청원군",6.60,5.85,8.35,14.65,15.38,20.94,18.03,19.62,21.47,21.97,22.58,-,-
"보은군",5.13,5.25,8.08,5.51,16.97,19.96,22.96,22.89,25.92,26.13,17.48,20.44,17.49
"옥천군",8.69,8.83,8.99,9.10,21.97,27.54,27.72,44.42,41.12,37.56,39.80,38.12,40.07
"영동군",-,-,1.93,1.97,23.94,29.84,39.66,37.61,47.41,51.32,45.51,47.24,49.32
"진천군",3.35,1.66,1.66,9.98,11.64,16.47,21.15,25.77,23.79,28.37,24.77,29.15,29.42
"괴산군",2.47,2.53,5.18,23.96,27.12,27.35,27.19,38.02,37.50,37.12,42.04,39.11,38.67
"음성군",7.00,8.17,8.14,9.22,10.19,17.87,16.72,19.76,28.37,29.04,29.94,32.52,32.16
"단양군",-,-,-,14.99,15.43,31.32,31.41,34.57,41.15,44.80,38.50,38.77,39.01
"증평군",-,-,-,3.28,3.21,6.22,18.09,17.89,17.64,23.34,26.05,31.64,30.00
"충청남도",3.50,3.79,4.74,6.53,7.52,9.66,11.14,16.19,15.61,16.36,17.19,18.81,19.30
"천안시",1.53,1.59,2.54,7.07,5.08,5.95,6.47,10.76,9.80,9.45,12.69,14.21,14.36
"공주시",4.58,6.91,8.49,7.79,11.06,16.78,18.52,23.21,24.85,26.43,26.64,28.16,27.86
"보령시",4.53,4.59,5.55,6.51,9.29,12.16,12.18,13.97,15.97,14.21,15.25,16.30,16.23
"아산시",3.62,2.99,4.40,5.67,6.77,5.81,7.80,12.44,11.29,11.77,13.59,15.31,15.11
"서산시",1.32,2.00,2.66,2.65,2.60,5.74,8.18,11.84,10.53,12.25,12.66,14.92,15.29
"논산시",8.10,6.64,7.45,9.13,15.45,20.34,20.46,25.10,27.44,28.42,28.61,30.45,30.59
"계룡시",3.22,3.21,11.64,2.71,2.65,2.41,7.02,20.89,16.30,28.88,21.97,24.66,26.36
"당진시",-,-,-,-,-,-,-,-,-,17.41,12.53,13.51,15.14
"금산군",6.59,5.00,8.56,12.16,19.07,29.96,26.68,63.65,42.83,43.08,45.09,48.94,52.84
"충남 연기군",8.46,10.66,11.86,10.88,17.51,19.07,20.13,19.54,22.92,-,-,-,-
"부여군",3.52,4.80,7.37,6.28,6.42,11.74,10.59,14.66,13.51,12.29,13.78,18.12,23.90
"서천군",4.45,4.57,6.22,11.18,11.44,11.57,14.98,18.31,23.51,23.76,23.96,25.99,22.84
"청양군",-,-,-,-,-,15.12,9.20,12.29,15.48,21.82,18.66,21.71,21.55
"홍성군",5.28,4.38,2.20,8.93,9.02,9.07,12.55,9.08,14.75,15.83,16.72,18.51,19.04
"예산군",3.16,4.36,2.20,5.58,7.89,9.08,17.21,19.54,19.67,20.96,21.13,23.55,23.96
"태안군",1.56,1.57,1.57,1.57,3.17,4.73,9.51,23.72,22.31,27.18,25.63,23.97,26.78
"충남 당진군",1.72,4.25,4.98,3.20,3.67,5.13,7.93,14.49,11.98,-,-,-,-
"전라북도",4.14,5.24,6.90,9.63,11.01,13.36,14.29,17.18,16.06,16.71,17.35,17.85,17.54
"전주시",2.91,3.86,5.63,6.72,6.89,7.76,7.56,9.04,8.52,8.63,9.69,10.11,9.51
"군산시",5.58,7.17,8.36,9.20,11.13,10.99,11.61,11.74,11.61,11.50,13.65,14.38,13.29
"익산시",5.84,6.20,7.22,9.52,11.48,15.52,15.98,22.45,18.40,20.56,20.55,21.70,21.85
"정읍시",2.58,3.78,6.20,11.88,15.29,19.54,18.10,21.31,21.58,22.61,21.97,22.19,20.69
"남원시",4.90,6.23,6.41,7.67,12.33,16.98,17.11,25.06,20.58,21.84,23.13,21.02,21.21
"김제시",3.61,3.80,4.87,7.98,9.22,17.74,21.10,29.68,25.78,26.00,26.31,29.96,31.56
"완주군",9.56,13.34,14.35,31.25,33.75,34.62,30.99,24.67,31.89,31.34,29.89,28.77,26.23
"진안군",-,-,3.45,14.75,13.22,25.71,21.77,36.31,31.61,33.38,33.70,41.55,41.98
"무주군",-,-,3.86,7.87,7.59,7.69,7.75,19.55,15.47,15.80,15.75,19.69,19.83
"장수군",3.40,3.73,12.12,16.52,14.99,20.95,21.30,21.38,25.85,30.18,30.12,30.00,30.07
"임실군",2.92,6.06,9.23,12.51,15.65,19.27,26.06,22.88,19.49,20.03,20.18,16.69,19.82
"순창군",3.18,6.29,6.25,9.24,9.36,12.94,13.25,16.55,20.34,19.96,19.82,23.05,19.84
"고창군",7.18,7.67,10.99,11.28,14.76,16.58,16.64,21.36,16.65,16.55,16.52,14.98,16.65
"부안군",-,1.50,3.08,6.32,4.85,4.93,4.98,6.65,8.46,10.19,10.14,8.69,12.31
"전라남도",3.57,4.13,5.90,5.87,6.22,10.73,12.75,16.89,18.02,18.54,20.66,22.09,22.94
"목포시",7.45,8.27,9.05,7.45,8.63,10.58,6.14,9.37,11.03,10.61,12.87,10.87,13.00
"여수시",3.22,3.60,5.31,6.05,4.06,9.49,9.20,10.90,10.93,10.95,11.67,12.03,13.10
"순천시",3.71,3.70,3.69,3.70,4.07,5.94,5.19,8.44,10.29,10.23,10.88,10.46,11.84
"나주시",4.92,6.04,12.25,11.41,10.48,19.38,16.51,22.19,21.53,18.17,21.65,24.26,22.41
"광양시",-,-,-,0.72,2.16,7.07,9.76,12.37,12.61,13.92,15.17,14.46,14.32
"담양군",5.89,5.93,7.94,7.95,9.91,24.82,29.61,37.65,39.73,37.81,42.23,42.39,42.55
"곡성군",-,-,11.71,14.87,12.01,18.40,15.58,28.23,28.72,32.39,32.25,39.05,35.86
"구례군",-,-,3.38,3.47,3.55,10.83,10.90,14.61,14.59,18.47,25.82,25.76,25.63
"고흥군",-,1.15,2.39,-,1.27,7.83,9.32,14.88,19.28,20.96,21.24,21.54,23.32
"보성군",1.79,1.84,3.76,3.85,3.93,8.00,10.19,16.40,18.79,19.13,17.25,17.44,17.64
"화순군",2.63,4.00,5.43,4.13,4.19,11.38,12.92,18.74,21.74,21.94,19.17,22.46,25.82
"장흥군",-,2.15,4.39,4.50,9.20,9.35,16.63,16.51,16.45,16.40,16.28,13.89,13.79
"강진군",2.23,2.30,7.03,4.77,4.84,12.15,12.15,16.82,19.23,22.37,22.46,20.07,20.64
"해남군",6.67,6.84,6.96,10.67,10.91,11.11,11.09,17.59,22.98,23.03,23.17,23.38,22.31
"영암군",3.16,3.21,4.84,1.62,4.94,6.65,8.36,13.32,16.63,16.67,18.62,18.69,20.64
"무안군",1.57,3.20,9.69,11.33,10.99,13.51,13.81,20.14,19.81,23.77,26.46,24.48,25.54
"함평군",9.50,9.95,12.44,10.35,10.53,26.72,29.66,38.15,33.21,39.13,42.12,37.05,40.14
"영광군",6.24,6.35,8.13,8.33,11.90,12.05,17.53,26.15,24.62,26.21,24.30,24.63,23.10
"장성군",7.77,7.97,8.14,10.44,12.66,17.17,12.98,12.90,12.97,12.96,15.12,15.13,17.26
"완도군",-,1.67,5.10,6.96,5.34,12.73,14.73,16.58,18.51,18.56,20.52,20.69,20.75
"진도군",-,-,-,-,-,5.81,5.89,11.85,11.94,15.06,15.15,15.27,15.40
"신안군",1.97,4.20,4.31,4.28,4.35,8.75,17.66,22.01,22.55,22.78,20.38,16.00,18.48
"경상북도",3.16,3.64,4.69,5.84,5.82,8.12,10.41,13.05,13.71,14.82,15.60,16.59,17.80
"포항시",1.38,1.77,1.77,2.38,3.56,4.92,4.32,5.44,5.61,5.97,6.16,7.12,8.08
"경주시",3.91,4.32,5.82,6.95,6.25,8.17,5.98,7.86,7.53,8.71,9.88,9.94,10.01
"김천시",4.66,5.57,6.35,8.59,7.19,12.31,11.04,13.96,13.95,16.24,17.74,19.93,23.55
"안동시",7.40,10.34,12.84,13.04,9.53,13.15,10.75,12.51,12.49,12.48,11.87,11.86,13.00
"구미시",0.84,0.82,0.80,1.29,1.28,1.78,3.53,7.41,8.47,9.11,7.39,10.71,11.19
"영주시",4.85,5.76,7.56,10.26,9.56,15.80,13.24,16.68,19.27,16.73,17.76,18.96,22.78
"영천시",5.34,5.48,6.52,7.62,6.62,9.61,6.79,8.72,8.64,9.82,12.90,12.91,13.91
"상주시",3.47,2.66,6.34,8.31,11.26,13.29,14.12,18.94,20.06,21.12,22.26,21.38,21.49
"문경시",1.23,1.26,2.56,6.56,9.36,11.92,10.44,15.51,18.25,19.76,22.47,25.03,25.07
"경산시",2.31,2.28,3.07,3.83,3.38,5.90,5.50,10.80,10.67,12.18,15.67,15.75,19.07
"군위군",3.36,3.47,3.61,7.49,11.64,11.85,16.02,20.21,20.60,20.73,20.69,20.69,20.72
"의성군",4.39,4.54,7.76,11.12,13.04,16.66,18.61,25.50,29.44,29.80,32.11,34.41,34.88
"청송군",-,-,3.41,7.03,7.18,10.99,14.86,22.46,26.35,22.66,22.67,22.68,22.74
"영양군",-,-,4.99,5.10,5.23,5.33,10.78,27.10,27.41,21.97,27.33,27.48,16.76
"영덕군",2.13,2.18,6.67,8.61,11.50,11.71,11.99,14.50,12.26,9.94,9.96,10.10,15.31
"청도군",1.99,2.10,2.14,6.50,4.39,11.18,13.55,18.02,20.32,29.57,29.69,27.28,27.44
"고령군",8.59,11.59,14.59,14.38,11.46,14.38,17.37,23.07,22.56,25.46,22.73,22.84,23.13
"성주군",10.28,10.48,10.65,12.94,15.32,17.77,13.15,17.66,21.91,22.16,22.19,22.23,22.21
"칠곡군",3.78,4.70,7.42,7.18,6.15,7.73,11.08,15.95,15.15,19.20,22.28,22.94,24.42
"예천군",3.73,5.75,5.89,5.97,6.14,8.33,6.34,8.50,12.88,17.38,17.55,17.74,17.91
"봉화군",2.54,2.66,2.73,2.81,2.85,8.66,17.49,17.36,11.70,14.73,14.75,17.64,17.75
"울진군",3.28,3.41,1.76,1.82,3.71,3.77,5.71,5.72,3.84,5.79,5.77,5.76,7.71
"울릉군",-,-,-,9.77,-,9.83,19.37,18.69,18.62,18.74,19.00,19.49,19.70
"경상남도",2.77,2.99,3.51,4.25,5.16,6.14,7.32,8.97,9.28,7.32,9.69,9.88,9.75
"경남 창원시",1.96,1.77,1.98,2.78,3.57,4.37,5.17,-,-,-,-,-,-
"경남 마산시",3.49,4.21,4.71,4.98,5.29,5.11,5.66,-,-,-,-,-,-
"진주시",1.48,1.48,2.68,2.70,3.63,3.62,3.92,5.37,6.86,1.19,7.71,7.35,7.26
"경남 진해시",2.00,2.64,2.55,3.10,4.29,5.93,5.83,-,-,-,-,-,-
"통영시",2.25,3.01,3.01,4.51,4.46,5.87,9.46,9.98,8.56,5.74,10.02,9.32,9.34
"사천시",3.49,3.55,3.59,3.56,5.33,6.20,7.98,14.89,13.14,3.47,13.69,15.45,15.59
"김해시",1.72,1.87,2.26,3.09,2.80,3.77,4.87,5.96,6.31,1.95,5.36,5.69,5.48
"밀양시",3.40,3.46,3.52,4.46,7.18,9.92,11.80,11.77,16.46,3.68,16.61,18.56,18.54
"거제시",3.76,3.68,3.58,3.48,3.84,3.68,5.32,4.38,4.30,4.22,4.13,4.43,4.69
"양산시",2.85,3.74,4.50,5.74,6.90,6.17,6.39,8.84,7.88,8.13,9.30,9.23,8.96
"창원시",-,-,-,-,-,-,-,6.60,6.69,6.60,6.83,6.98,6.82
"의령군",12.21,12.36,19.29,18.97,19.10,26.03,32.79,36.47,33.28,36.27,37.39,34.24,35.03
"함안군",-,-,1.63,1.58,4.62,12.11,13.52,17.86,19.41,20.76,20.69,23.28,23.14
"창녕군",1.49,1.51,3.09,3.15,8.03,8.12,11.43,9.72,11.20,14.29,15.76,15.75,17.24
"고성군",11.94,12.20,12.46,16.27,18.05,17.87,21.02,20.97,22.70,24.60,24.84,25.04,25.32
"남해군",3.68,3.76,5.79,5.91,5.45,9.86,11.94,16.22,17.91,18.66,19.05,19.30,17.44
"하동군",1.72,1.82,1.88,5.67,7.20,9.34,11.54,13.59,12.97,15.75,15.94,14.22,13.93
"산청군",5.29,5.43,5.51,8.40,11.34,17.12,22.91,36.53,30.85,30.82,30.61,33.47,36.04
"함양군",7.02,7.16,7.22,12.15,17.23,17.31,19.69,24.27,24.34,24.56,27.03,27.10,27.27
"거창군",-,-,-,3.13,1.56,6.32,7.91,15.77,17.42,17.43,17.41,15.84,15.81
"합천군",4.99,5.18,6.88,5.44,10.82,14.37,15.10,17.62,23.71,23.87,23.86,25.76,22.38
"제주특별자치도",4.71,5.58,7.53,8.77,9.66,9.81,11.37,13.65,14.06,14.39,15.66,15.64,15.86
"제주시",4.45,4.73,10.54,8.92,9.62,9.82,11.45,14.13,13.95,14.43,15.52,13.15,15.44
"서귀포시",6.00,5.97,12.04,8.39,9.75,9.80,11.16,12.36,14.34,14.28,16.06,13.88,17.02
